"AA1040","all","xs,s,m,l,xl"," $14,75 "," $10,00 "," $9,95 "," $9,90 "
"AA1042","all","xs,s,m,l,xl"," $17,60 "," $12,50 "," $12,30 "," $12,15 "
"AA1072","all","s,m,l,xl"," $11,00 "," $6,75 "," $6,15 "," $6,00 "
"AA1073 ","all","s,m,l,xl"," $16,24 "," $10,88 "," $10,46 "," $10,04 "
"AA1081","all","xs,s,m,l,xl"," $16,80 "," $13,20 "," $13,00 "," $12,90 "
"AA1927","all","s,m,l,xl"," $15,80 "," $11,50 "," $11,30 "," $11,15 "
"AA1932","all","s,m,l,xl,xxl"," $17,05 "," $11,50 "," $11,40 "," $11,30 "
"AA1967","all","s,m,l,xl"," $23,55 "," $17,00 "," $16,95 "," $16,90 "
"AA1969","all","s,m,l,xl"," $27,20 "," $23,95 "," $23,80 "," $23,70 "
"AA1970  ","all","xs,m,l,xl,xxl"," $27,20 "," $22,00 "," $21,90 "," $21,80 "
"AA1970  ","all","xxxl"," $28,20 "," $23,00 "," $22,90 "," $22,80 "
"AA1973 ","white","xxs,m,l,xl,xxl"," $17,05 "," $11,65 "," $11,55 "," $11,45 "
"AA1973 ","grey, black, oat","xxxl"," $18,60 "," $12,95 "," $12,85 "," $12,75 "
"AA1973","colours","xxs,m,l,xl,xxl"," $18,05 "," $12,65 "," $12,55 "," $12,50 "
"AA1973","colours","xxxl"," $19,60 "," $13,95 "," $13,85 "," $13,80 "
"AA1975","all","s,m,l,xl"," $22,40 "," $19,00 "," $18,90 "," $18,80 "
"AA1980 ","all","xs,s,m,l,xl"," $22,40 "," $18,15 "," $18,10 "," $18,05 "
"AA1980 ","grey, black, oat","xxl"," $22,40 "," $18,15 "," $18,10 "," $18,05 "
"AA1980 ","white,black","xs,s,m,l,xl"," $23,40 "," $19,15 "," $19,10 "," $19,05 "
"AA1980 ","colours","xxl"," $23,40 "," $19,15 "," $19,10 "," $19,05 "
"AA1985","all","s,m,l,xl"," $19,30 "," $14,25 "," $14,20 "," $14,15 "
"AA1987","all","s,m,l,xl"," $24,25 "," $19,80 "," $19,00 "," $18,50 "
"AA1989","all","xs,s,m,l,xl"," $20,40 "," $15,00 "," $14,95 "," $14,90 "
"AA1989","grey, oat, black","xxl"," $20,40 "," $15,00 "," $14,95 "," $14,90 "
"AA1989","colours","xs,s,m,l,xl,xxl"," $21,40 "," $16,00 "," $15,95 "," $15,90 "
"AA1990","all","s,m,l,xl"," $24,25 "," $19,80 "," $19,75 "," $19,70 "
"AA2121","all","s,m,l,xl"," $14,75 "," $10,25 "," $10,20 "," $10,15 "
"AA2289","all","xs,s,m,l"," $33,60 "," $30,53 "," $30,00 "," $29,50 "
"AA2295","all","xs,s,m,l,xl"," $42,40 "," $39,60 "," $39,40 "," $39,20 "
"AA2608 ","all","s,m,l,xl"," $18,80 "," $13,45 "," $13,40 "," $13,35 "
"AA2608B2","all","s,m,l,xl"," $18,80 "," $13,45 "," $13,40 "," $13,35 "
"AA2618  ","all","s,m,l"," $21,00 "," $15,90 "," $15,85 "," $15,80 "
"AA2618B2","all","s,m,l"," $21,00 "," $15,90 "," $15,85 "," $15,80 "
"AA2620B2","all","s,m,l,xl"," $20,80 "," $17,35 "," $17,30 "," $17,25 "
"AA2622B2","all","s,m,l,xl"," $21,60 "," $18,15 "," $18,00 "," $17,50 "
"AA2626","all","s,m,l,xl"," $30,40 "," $26,40 "," $26,20 "," $26,00 "
"AA2628","all","s,m,l,xl"," $24,40 "," $19,90 "," $19,85 "," $19,80 "
"AA2632","all","xs,s,m,l,xl"," $21,45 "," $16,00 "," $15,95 "," $15,90 "
"AA2632","all","xxl"," $22,45 "," $17,00 "," $16,95 "," $16,90 "
"AA2632B2","all","xs,s,m,l,xl"," $21,45 "," $16,00 "," $15,95 "," $15,90 "
"AA2632B2","all","xxl"," $22,45 "," $16,00 "," $15,95 "," $15,90 "
"AA2640","all","xs,s,m,l,xl"," $23,45 "," $16,50 "," $16,45 "," $16,40 "
"AA2641 ","all","s,m,l"," $19,00 "," $13,45 "," $13,40 "," $13,35 "
"AA2641B2","all","s,m,l"," $19,00 "," $13,45 "," $13,40 "," $13,35 "
"AA2657","all","s,m,l,xl"," $25,60 "," $21,25 "," $21,20 "," $21,15 "
"AA2662","all","s,m,l,xl"," $23,15 "," $18,65 "," $18,60 "," $18,55 "
"AA2662B2","all","s,m,l,xl"," $22,65 "," $19,10 "," $19,05 "," $19,00 "
"AA2667","all","s,m,l,xl"," $29,05 "," $24,75 "," $24,70 "," $24,65 "
"AA2694  ","all","s,m,l,xl"," $25,20 "," $20,50 "," $20,45 "," $20,40 "
"AA2696B2","all","s,m,l,xl"," $24,00 "," $21,00 "," $20,95 "," $20,90 "
"AA3277","all","s,m,l,xl"," $35,20 "," $32,20 "," $32,00 "," $31,75 "
"AA3287","all","s,m,l,xl"," $21,55 "," $17,00 "," $16,95 "," $16,90 "
"AA4010","all","s,m,l,xl"," $24,80 "," $20,65 "," $20,60 "," $20,55 "
"AA4017","all","s,m,l,xl"," $14,40 "," $9,90 "," $9,85 "," $9,80 "
"AA4018","all","s,m,l,xl"," $15,20 "," $10,75 "," $10,70 "," $10,65 "
"AA4020G1","all","s,m,l,xl"," $14,90 "," $10,50 "," $10,25 "," $10,00 "
"AA4020 ","all","s,m,l,xl"," $13,20 "," $7,55 "," $7,40 "," $7,25 "
"AA4032","all","s,m,l,xl"," $15,20 "," $10,75 "," $9,00 "," $8,00 "
"AA4036","all","s,m,l,xl"," $20,20 "," $16,50 "," $16,45 "," $16,40 "
"AA4037","all","s,m,l,xl"," $16,80 "," $13,00 "," $12,95 "," $12,90 "
"AA4047","all","s,m,l,xl"," $15,20 "," $10,75 "," $10,60 "," $10,50 "
"AA4055","all","s,m,l,xl"," $14,35 "," $9,50 "," $8,50 "," $8,00 "
"AA4062","all","s,m,l,xl"," $27,80 "," $23,35 "," $23,30 "," $23,25 "
"AA4064","all","s,m,l,xl"," $16,80 "," $12,40 "," $11,40 "," $11,00 "
"AA4067","all","s,m,l,xl"," $20,20 "," $16,00 "," $15,95 "," $15,90 "
"AA4070","all","s,m,l,xl"," $17,85 "," $13,45 "," $13,00 "," $12,75 "
"AA4507   ","all"," s,m,l"," $22,65 "," $18,15 "," $18,00 "," $17,50 "
"AA4517","all","s,m,l,xl"," $20,75 "," $15,60 "," $15,55 "," $15,50 "
"AA4590","all","s,m,l,xl"," $27,80 "," $23,45 "," $23,25 "," $20,00 "
"AA4805","all","xxs,s,m,l,xl"," $16,60 "," $11,50 "," $11,30 "," $11,20 "
"AA4805","all","xxl"," $16,60 "," $11,50 "," $11,30 "," $11,20 "
"AA4807","all","s,m,l,xl"," $26,00 "," $21,70 "," $21,00 "," $20,75 "
"AA4822","all","s,m,l"," $22,65 "," $18,15 "," $18,10 "," $18,05 "
"AA4825","all","s,m,l,xl"," $17,60 "," $13,20 "," $13,00 "," $12,50 "
"AA4827","all","s,m,l,xl"," $17,20 "," $12,65 "," $12,50 "," $12,40 "
"AA4832","all","xs,s,m,l,xl"," $19,15 "," $14,80 "," $14,70 "," $14,60 "
"AA4832","all","xxl"," $19,15 "," $14,80 "," $14,70 "," $14,60 "
"AA4847","all","xxs,s,m,l,xl"," $20,10 "," $16,35 "," $16,25 "," $16,15 "
"AA4847","all","xxl"," $20,10 "," $16,35 "," $16,25 "," $16,15 "
"AA5011ae","all","s,m,l,xl"," $15,60 "," $10,00 "," $9,95 "," $9,90 "
"AA5011ae","all","s,m,l,xl"," $17,20 "," $11,75 "," $11,70 "," $11,65 "
"AA5060ae","all","s,m,l,xl"," $17,70 "," $12,15 "," $12,05 "," $11,95 "
"AA5106 ","all","s,m,l,xl"," $17,95 "," $12,75 "," $12,70 "," $12,65 "
"AA6005","all","xxs,s,m,l,xl"," $16,00 "," $11,00 "," $10,95 "," $10,90 "
"AA6005","all","xxl"," $16,00 "," $11,00 "," $10,95 "," $10,90 "
"AA6005","all","xxxl"," $17,45 "," $12,25 "," $12,15 "," $12,05 "
"AA6021","all","s,m,l,xl"," $15,15 "," $9,60 "," $9,55 "," $9,50 "
"AA6032","all","xxs,m,l,xl,xxl"," $16,40 "," $11,00 "," $10,95 "," $10,90 "
"AA6094","all","s,m,l,xl"," $17,70 "," $12,15 "," $12,10 "," $12,05 "
"AA6203","all","s,m,l,xl"," $41,60 "," $37,95 "," $37,85 "," $37,75 "
"AA6220","all","s,m,l,xl"," $22,80 "," $18,60 "," $18,55 "," $18,50 "
"AA6221","all","s,m,l,xl"," $21,20 "," $16,95 "," $16,90 "," $16,85 "
"AA7004","all","s,m,l,xl"," $23,15 "," $17,50 "," $17,45 "," $17,40 "
"AA9007","all","s,m,l,xl"," $31,45 "," $26,40 "," $26,25 "," $26,15 "
"AA9020","all","s,m,l,xl"," $29,05 "," $23,85 "," $23,65 "," $23,20 "
"AA9027","all","s,m,l,xl"," $24,75 "," $19,40 "," $19,20 "," $19,10 "
"AA9093","all","s,m,l,xl"," $41,15 "," $36,65 "," $36,60 "," $36,55 "
"AA9575","colours","xs,m,l,xl,xxl"," $30,70 "," $25,85 "," $24,00 "," $23,50 "
"AA9575","grey","xs,m,l,xl,xxl"," $30,70 "," $25,85 "," $24,00 "," $23,50 "
"AA9582","all","s,m,l,xl"," $26,40 "," $23,00 "," $22,95 "," $22,90 "
"AA9587","black","xs,s,m,l,xl"," $32,55 "," $27,75 "," $27,70 "," $27,65 "
"AA9587","grey","xs,s,m,l,xl"," $31,55 "," $26,75 "," $26,70 "," $26,65 "
"AA9590","colours","xs,m,l,xl,xxl"," $34,85 "," $31,00 "," $30,00 "," $29,00 "
"AA9590","grey","xs,m,l,xl,xxl"," $34,85 "," $31,00 "," $30,00 "," $29,00 "
"AA9595","black","xs,m,l,xl,xxl"," $31,70 "," $26,85 "," $26,80 "," $26,75 "
"AA9595","grey","xs,s,m,l,xl,xxl"," $30,70 "," $25,85 "," $25,80 "," $25,75 "
"AA05","all","s,m,l,xl,xxl"," $13,60 "," $8,05 "," $8,00 "," $7,95 "
"AA05","all","xxxl"," $14,60 "," $9,05 "," $9,00 "," $8,95 "
"AA05G1","all","s,m,l,xl,xxl"," $16,00 "," $11,15 "," $11,00 "," $10,80 "
"AA05G1","all","xxxl"," $16,00 "," $11,15 "," $11,00 "," $10,80 "
"AA07","all","m,l,xl"," $16,00 "," $12,50 "," $12,40 "," $12,30 "
"AA07","all","xxl"," $16,00 "," $12,50 "," $12,40 "," $12,30 "
"AA1032","white","s,m,l,xl"," $11,40 "," $6,20 "," $5,80 "," $5,40 "
"AA1032","white","xxl"," $12,60 "," $7,40 "," $7,00 "," $6,60 "
"AA1032","colours","s,m,l,xl"," $12,40 "," $7,20 "," $6,80 "," $6,40 "
"AA1032","colours","xxl"," $13,60 "," $8,40 "," $8,00 "," $7,60 "
"AA1032","grey","s,m,l,xl"," $13,50 "," $8,35 "," $7,95 "," $7,55 "
"AA1032","grey","xxl"," $14,65 "," $9,55 "," $9,15 "," $8,75 "
"AA1040","all","xs,s,m,l,xl"," $14,75 "," $10,00 "," $9,95 "," $9,90 "
"AA1040","all","xxl"," $15,75 "," $11,00 "," $10,95 "," $10,90 "
"AA1042","all","xs,s,m,l,xl"," $17,60 "," $12,50 "," $12,30 "," $12,15 "
"AA1042","all","xxl"," $18,60 "," $13,50 "," $13,30 "," $13,15 "
"AA1070","white","s,m,l,xl"," $11,25 "," $6,60 "," $6,50 "," $6,40 "
"AA1070","white","xxl"," $12,25 "," $7,60 "," $7,50 "," $7,40 "
"AA1070","colours","s,m,l,xl"," $12,25 "," $7,60 "," $7,50 "," $7,40 "
"AA1070","colours","xxl"," $12,25 "," $7,60 "," $7,50 "," $7,40 "
"AA1075","all","s,m,l,xl"," $17,70 "," $12,50 "," $12,45 "," $12,40 "
"AA1075","all","xxl"," $18,70 "," $13,50 "," $13,45 "," $13,40 "
"AA1075G1","all","s,m,l,xl,xxl"," $19,40 "," $13,90 "," $13,85 "," $13,80 "
"AA1081","all","xs,s,m,l,xl"," $16,80 "," $13,20 "," $13,00 "," $12,90 "
"AA1088W5","all","s,m,l,xl"," $20,60 "," $16,50 "," $16,45 "," $16,40 "
"AA1088W5","all","xxl"," $21,60 "," $17,50 "," $17,45 "," $17,40 "
"AA1390","all","s,m,l,xl,xxl"," $40,00 "," $37,15 "," $37,00 "," $36,50 "
"AA1932","all","xxs,s,m,l,xl"," $17,05 "," $11,50 "," $11,40 "," $11,30 "
"AA1932","all","xxl"," $18,05 "," $12,50 "," $12,40 "," $12,30 "
"AA1952","all","s,m,l,xl"," $24,25 "," $19,80 "," $19,75 "," $19,70 "
"AA1952","all","xxl"," $25,25 "," $20,80 "," $20,75 "," $20,70 "
"AA1970 ","all","xs,s,m,l,xl"," $27,20 "," $22,00 "," $21,90 "," $21,80 "
"AA1970 ","all","xxl"," $28,20 "," $23,00 "," $22,90 "," $22,80 "
"AA1973","colours","xxs,m,l,xl,xxl"," $17,05 "," $11,65 "," $11,55 "," $11,45 "
"AA1973","grey,oat,black","xxxl"," $18,60 "," $12,95 "," $12,85 "," $12,75 "
"AA1973","colours","xxs,m,l,xl,xxl"," $18,05 "," $12,65 "," $12,55 "," $12,50 "
"AA1973","colours","xxxl"," $19,60 "," $13,95 "," $13,85 "," $13,80 "
"AA1980","colours","xs,s,m,l,xl"," $22,40 "," $18,15 "," $18,10 "," $18,05 "
"AA1980","grey, oat, black","xxl"," $22,40 "," $18,15 "," $18,10 "," $18,05 "
"AA1980","colours","xs,s,m,l,xl"," $23,40 "," $19,15 "," $19,10 "," $19,05 "
"AA1980","colours","xxl"," $23,40 "," $19,15 "," $19,10 "," $19,05 "
"AA1989","all","xs,m,l,xl"," $20,40 "," $15,00 "," $14,95 "," $14,90 "
"AA1989","grey, oat, black","xxl"," $20,40 "," $15,00 "," $14,95 "," $14,90 "
"AA1989","colours","xs,m,l,xl"," $21,40 "," $16,00 "," $15,95 "," $15,90 "
"AA1989","colours","xxl"," $21,40 "," $16,00 "," $15,95 "," $15,90 "
"AA2606","all","xs,m,l,xl"," $19,95 "," $14,45 "," $14,40 "," $14,35 "
"AA2606","all","xxl"," $19,95 "," $14,45 "," $14,40 "," $14,35 "
"AA2606B2","all","xs,m,l,xl"," $19,95 "," $14,45 "," $14,40 "," $14,35 "
"AA2606B2","all","xxl"," $19,95 "," $14,45 "," $14,40 "," $14,35 "
"AA2632","all","xs,m,l,xl"," $21,45 "," $16,00 "," $15,95 "," $15,90 "
"AA2632","all","xxl"," $22,45 "," $17,00 "," $16,95 "," $16,90 "
"AA2632B2","all","xs,m,l,xl"," $21,45 "," $16,00 "," $15,95 "," $15,90 "
"AA2632B2","all","xxl"," $22,45 "," $17,00 "," $16,95 "," $16,90 "
"AA2640","all","xs,m,l,xl"," $23,45 "," $16,50 "," $16,45 "," $16,40 "
"AA2652","all","s,m,l,xl,xxl"," $29,20 "," $25,20 "," $25,15 "," $25,10 "
"AA4056","all","s,m,l,xl"," $15,60 "," $14,00 "," $13,00 "," $12,00 "
"AA4056","all","xxl"," $15,60 "," $14,00 "," $13,00 "," $12,00 "
"AA4101","all","s,m,l,xl"," $25,00 "," $20,75 "," $20,70 "," $20,65 "
"AA4101","all","xxl"," $25,00 "," $20,75 "," $20,70 "," $20,65 "
"AA4532","all","s,m,l,xl"," $19,40 "," $15,60 "," $15,55 "," $15,50 "
"AA4532","all","xxl"," $20,40 "," $16,60 "," $16,55 "," $16,50 "
"AA4532B2","all","s,m,l,xl"," $19,60 "," $17,00 "," $16,80 "," $16,60 "
"AA4532P8","all","s,m,l,xl,xxl"," $24,80 "," $21,45 "," $21,40 "," $21,35 "
"AA4538","all","s,m,l,xl"," $24,00 "," $20,80 "," $20,75 "," $20,70 "
"AA4540 ","all","s,m,l,xl"," $18,10 "," $12,65 "," $12,60 "," $12,55 "
"AA4540 ","all","xxl"," $19,10 "," $13,65 "," $13,60 "," $13,55 "
"AA4540P8","all","s,m,l,xl"," $22,40 "," $19,00 "," $18,95 "," $18,90 "
"AA4552 ","all","s,m,l,xl"," $23,45 "," $18,15 "," $18,10 "," $18,05 "
"AA4010","all","s,m,l,xl"," $24,80 "," $20,65 "," $20,60 "," $20,55 "
"AA4017","all","s,m,l,xl"," $14,40 "," $9,90 "," $9,85 "," $9,80 "
"AA4018","all","s,m,l,xl"," $15,20 "," $10,75 "," $10,70 "," $10,65 "
"AA4020 ","all","s,m,l,xl"," $13,20 "," $7,55 "," $7,40 "," $7,25 "
"AA4020G1","all","s,m,l,xl"," $14,90 "," $10,50 "," $10,25 "," $10,00 "
"AA4032","all","s,m,l,xl"," $15,20 "," $10,75 "," $9,00 "," $8,00 "
"AA4036","all","s,m,l,xl"," $20,20 "," $16,50 "," $16,45 "," $16,40 "
"AA4037","all","s,m,l,xl"," $16,80 "," $13,00 "," $12,95 "," $12,90 "
"AA4047","all","s,m,l,xl"," $15,20 "," $10,75 "," $10,60 "," $10,50 "
"AA4055","all","s,m,l,xl"," $14,35 "," $9,50 "," $8,50 "," $8,00 "
"AA4062","all","s,m,l,xl"," $27,80 "," $23,35 "," $23,30 "," $23,25 "
"AA4064","all","s,m,l,xl"," $16,80 "," $12,40 "," $11,40 "," $11,00 "
"AA4067","all","s,m,l,xl"," $20,20 "," $16,00 "," $15,95 "," $15,90 "
"AA4070","all","s,m,l,xl"," $17,85 "," $13,45 "," $13,00 "," $12,75 "
"AA4507   ","all"," s,m,l"," $22,65 "," $18,15 "," $18,00 "," $17,50 "
"AA4517","all","s,m,l,xl"," $20,75 "," $15,60 "," $15,55 "," $15,50 "
"AA4590","all","s,m,l,xl"," $27,80 "," $23,45 "," $23,25 "," $20,00 "
"AA4805","all","xxs,s,m,l,xl"," $16,60 "," $11,50 "," $11,30 "," $11,20 "
"AA4805","all","xxl"," $16,60 "," $11,50 "," $11,30 "," $11,20 "
"AA4807","all","s,m,l,xl"," $26,00 "," $21,70 "," $21,00 "," $20,75 "
"AA4822","all","s,m,l"," $22,65 "," $18,15 "," $18,10 "," $18,05 "
"AA4825","all","s,m,l,xl"," $17,60 "," $13,20 "," $13,00 "," $12,50 "
"AA4827","all","s,m,l,xl"," $17,20 "," $12,65 "," $12,50 "," $12,40 "
"AA4832","all","xs,s,m,l,xl"," $19,15 "," $14,80 "," $14,70 "," $14,60 "
"AA4832","all","xxl"," $19,15 "," $14,80 "," $14,70 "," $14,60 "
"AA4847","all","xxs,s,m,l,xl"," $20,10 "," $16,35 "," $16,25 "," $16,15 "
"AA4847","all","xxl"," $20,10 "," $16,35 "," $16,25 "," $16,15 "
"AA5011ae","all","s,m,l,xl"," $15,60 "," $10,00 "," $9,95 "," $9,90 "
"AA5011ae","all","s,m,l,xl"," $17,20 "," $11,75 "," $11,70 "," $11,65 "
"AA5060ae","all","s,m,l,xl"," $17,70 "," $12,15 "," $12,05 "," $11,95 "
"AA5106 ","all","s,m,l,xl"," $17,95 "," $12,75 "," $12,70 "," $12,65 "
"AA6005","all","xxs,s,m,l,xl"," $16,00 "," $11,00 "," $10,95 "," $10,90 "
"AA6005","all","xxl"," $16,00 "," $11,00 "," $10,95 "," $10,90 "
"AA6005","all","xxxl"," $17,45 "," $12,25 "," $12,15 "," $12,05 "
"AA6021","all","s,m,l,xl"," $15,15 "," $9,60 "," $9,55 "," $9,50 "
"AA6032","all","xxs,m,l,xl,xxl"," $16,40 "," $11,00 "," $10,95 "," $10,90 "
"AA6094","all","s,m,l,xl"," $17,70 "," $12,15 "," $12,10 "," $12,05 "
"AA6203","all","s,m,l,xl"," $41,60 "," $37,95 "," $37,85 "," $37,75 "
"AA6220","all","s,m,l,xl"," $22,80 "," $18,60 "," $18,55 "," $18,50 "
"AA6221","all","s,m,l,xl"," $21,20 "," $16,95 "," $16,90 "," $16,85 "
"AA7004","all","s,m,l,xl"," $23,15 "," $17,50 "," $17,45 "," $17,40 "
"AA9007","all","s,m,l,xl"," $31,45 "," $26,40 "," $26,25 "," $26,15 "
"AA9020","all","s,m,l,xl"," $29,05 "," $23,85 "," $23,65 "," $23,20 "
"AA9027","all","s,m,l,xl"," $24,75 "," $19,40 "," $19,20 "," $19,10 "
"AA9093","all","s,m,l,xl"," $41,15 "," $36,65 "," $36,60 "," $36,55 "
"AA9575","colours","xs,m,l,xl,xxl"," $30,70 "," $25,85 "," $24,00 "," $23,50 "
"AA9575","grey","xs,m,l,xl,xxl"," $30,70 "," $25,85 "," $24,00 "," $23,50 "
"AA9582","all","s,m,l,xl"," $26,40 "," $23,00 "," $22,95 "," $22,90 "
"AA9587","black","xs,s,m,l,xl"," $32,55 "," $27,75 "," $27,70 "," $27,65 "
"AA9587","grey","xs,s,m,l,xl"," $31,55 "," $26,75 "," $26,70 "," $26,65 "
"AA9590","colours","xs,m,l,xl,xxl"," $34,85 "," $31,00 "," $30,00 "," $29,00 "
"AA9590","grey","xs,m,l,xl,xxl"," $34,85 "," $31,00 "," $30,00 "," $29,00 "
"AA9595","black","xs,m,l,xl,xxl"," $31,70 "," $26,85 "," $26,80 "," $26,75 "
"AA9595","grey","xs,s,m,l,xl,xxl"," $30,70 "," $25,85 "," $25,80 "," $25,75 "
"AA4580 ","all","s,m,l,xl"," $24,40 "," $19,10 "," $19,05 "," $19,00 "
"AA4581p9","all","s,m,l,xl,xxl"," $45,60 "," $41,60 "," $41,00 "," $39,50 "
"AA4805","all","xxs,m,l,xl,xxl"," $16,60 "," $11,50 "," $11,30 "," $11,20 "
"AA4805","all","xxxl"," $16,60 "," $11,50 "," $11,30 "," $11,20 "
"AA4810","all","s,m,l,xl,xxl"," $18,35 "," $13,95 "," $13,80 "," $13,70 "
"AA4832","all","xs,m,l,xl,xxl"," $19,15 "," $14,80 "," $14,70 "," $14,60 "
"AA4832","all","xxxl"," $19,15 "," $14,80 "," $14,70 "," $14,60 "
"AA4847","all","xxs,m,l,xl,xxl"," $20,10 "," $16,35 "," $16,25 "," $16,15 "
"AA5107 ","all","xxxl"," $20,10 "," $16,35 "," $16,25 "," $16,15 "
"AA5107 ","all","s,m,l,xl,xxl"," $19,55 "," $14,40 "," $14,35 "," $14,30 "
"AA6005","all","xxs,s,m,l,xl"," $16,00 "," $11,00 "," $10,95 "," $10,90 "
"AA6005","all","xxl"," $16,00 "," $11,00 "," $10,95 "," $10,90 "
"AA6005","all","xxxl"," $17,45 "," $12,25 "," $12,00 "," $11,50 "
"AA6032","all","xxs,s,m,l,xl"," $16,40 "," $11,00 "," $10,95 "," $10,90 "
"AA6032","all","xxl"," $17,40 "," $12,00 "," $11,90 "," $11,80 "
"AA801","all","s,m,l,xl,xxl"," $80,00 "," $75,00 "," $74,50 "," $74,00 "
"AA9089","all","s,m,l,xl,xxl"," $35,20 "," $30,55 "," $30,50 "," $30,45 "
"AA9090","all","s,m,l,xl,xxl"," $39,55 "," $35,00 "," $34,95 "," $34,90 "
"AA9095","all","s,m,l,xl"," $41,15 "," $36,65 "," $36,60 "," $36,55 "
"AA9095","all","xxl"," $42,15 "," $37,65 "," $37,60 "," $37,55 "
"AA9575","grey","xs,m,l,xl,xxl"," $30,70 "," $25,85 "," $25,00 "," $24,00 "
"AA9575","grey","xxxl"," $30,70 "," $25,85 "," $25,00 "," $24,00 "
"AA9575","colours","xs,m,l,xl,xxl"," $30,70 "," $25,85 "," $25,00 "," $24,00 "
"AA9575","colours","xxxl"," $30,70 "," $25,85 "," $25,00 "," $24,00 "
"AA9587","all","xs,s,m,l,xl"," $33,55 "," $28,75 "," $28,70 "," $28,65 "
"AA9587","all","xxl"," $34,55 "," $29,75 "," $29,70 "," $29,65 "
"AA9587","all","xs,s,m,l,xl"," $32,55 "," $27,75 "," $27,70 "," $27,65 "
"AA9587","all","xxl"," $33,55 "," $28,75 "," $28,70 "," $28,65 "
"AA9590","all","xs,s,m,l,xl"," $34,85 "," $31,00 "," $30,00 "," $29,00 "
"AA9590","all","xxl"," $35,85 "," $32,00 "," $31,00 "," $30,00 "
"AA9590","all","xxxl"," $36,35 "," $32,50 "," $31,50 "," $30,50 "
"AA9590","all","xs,s,m,l,xl"," $34,85 "," $31,00 "," $30,00 "," $29,00 "
"AA9590","all","xxl"," $35,85 "," $32,00 "," $31,00 "," $30,00 "
"AA9590","all","xxxl"," $36,35 "," $32,50 "," $31,50 "," $30,50 "
"AA9595 ","all","xs,s,m,l,xl"," $30,70 "," $25,85 "," $25,80 "," $25,75 "
"AA9595 ","all","xxl"," $31,70 "," $26,85 "," $26,80 "," $26,75 "
"AA9595 ","all","xs,s,m,l,xl"," $31,70 "," $26,85 "," $26,80 "," $26,75 "
"AA9595 ","all","xxl"," $32,70 "," $27,85 "," $27,80 "," $27,75 "
"AA2501  ","all","0-3M,3-6M,6-12M,12-18M"," $12,90 "," $8,95 "," $8,90 "," $8,85 "
"AA2510","all","0-3M,3-6M,6-12M,12-18M,2T,3T,4T"," $10,40 "," $6,60 "," $6,55 "," $6,50 "
"AA2519","all","0-3M,3-6M,6-12M,12-18M,2T,3T,4T"," $11,70 "," $7,70 "," $7,50 "," $7,40 "
"AA2523  ","all","0-3M,3-6M,6-12M,12-18M,2T,3T,4T"," $13,40 "," $9,50 "," $9,30 "," $9,15 "
"AA6015 ","all","0-3M,3-6M,6-12M,12-18M,2T,3T,4T"," $12,10 "," $8,25 "," $8,20 "," $8,15 "
"AA7005 ","all","os"," $22,35 "," $18,90 "," $18,85 "," $18,80 "
"AA7007","all","os"," $22,90 "," $17,95 "," $15,00 "," $13,00 "
"AA7008p9","all","os"," $22,90 "," $17,95 "," $17,60 "," $17,00 "
"AA7008","all","os"," $22,35 "," $18,90 "," $18,85 "," $18,80 "
"AA7009","all","os"," $16,80 "," $13,20 "," $13,15 "," $13,10 "
"AA7012b2","all","os"," $22,90 "," $17,95 "," $17,60 "," $17,00 "
"AA7010","all","os"," $38,00 "," $35,10 "," $35,05 "," $35,00 "
"AH70","all","os"," $11,80 "," $6,20 "," $5,20 "," $4,80 "
"AH73","all","os"," $13,36 "," $7,76 "," $7,50 "," $7,30 "
"AH76","all","os"," $13,36 "," $7,76 "," $7,50 "," $7,30 "
